timestamp,query,answer,feedback
2026-02-16 15:32:46,explain about distilled water?,"According to the provided document excerpts, distilled water is mentioned in the following contexts:

1. In Document(id='e014e909-2033-4732-b799-1e5cfc8f8558' and Document(id='88846b19-74b1-48d6-ae43-",up
2026-02-16 15:33:19,explain about distilled water?,"According to the provided document excerpts, distilled water is mentioned in the following contexts:

1. In Document(id='e014e909-2033-4732-b799-1e5cfc8f8558' and Document(id='88846b19-74b1-48d6-ae43-",down
2026-02-16 15:33:34,water quality?,"Based on the provided document excerpts, the answer to the question ""water quality?"" is:

Water quality is crucial for the proper functioning and longevity of a steam iron. The quality of your tap wat",up
2026-02-17 17:32:33,steamed water,"Based on the provided document excerpts, here is a precise answer:

The document mentions that using distilled water in a steam iron can help minimize mineral buildup and reduce its efficiency.",up
2026-02-17 17:36:22,water quality,"Based on the provided document excerpts, here is the precise answer:

Water quality is crucial for the proper functioning and longevity of a steam iron. If your tap water is hard, meaning it contains ",up
2026-02-17 17:36:28,water quality,"Based on the provided document excerpts, here is the precise answer:

Water quality is crucial for the proper functioning and longevity of a steam iron. If your tap water is hard, meaning it contains ",up
2026-02-17 17:50:41,water quality?,"The quality of your tap water can influence the performance of your steam iron. If your tap water is hard, meaning it contains a significant amount of minerals like calcium and magnesium, it can lead ",down
2026-02-17 18:32:03,water quality?,"The quality of your tap water can influence the performance of your steam iron. If your tap water is hard, meaning it contains a significant amount of minerals like calcium and magnesium, it can lead ",down
2026-02-22 23:23:14,explain about qos?,"According to the provided document excerpts, Quality of Service (QoS) is improved using the following techniques:

1. Scheduling
2. Traffic shaping
3. Admission control
4. Resource reservation

Additi",up
2026-02-23 00:10:14,hi,There is no relevant information in the provided document excerpts to answer your question.,up
2026-02-23 11:51:02,explain about water quality?,"There is no information about water quality in the provided document excerpts. The excerpts appear to be related to weather or golf conditions, with attributes such as temperature, humidity, and wind ",up
2026-02-23 13:44:35,distilled water?,"Distilled water is free from most minerals, making it an excellent choice for irons.",up
2026-02-23 15:27:17,water quality means?,There is no information about water quality in the provided document excerpts.,down
